_id,name,span_id,trace_id,parent_span_id,start_time,end_time,attributes.target.net.peer.ip,attributes.target.net.peer.port,attributes.operation.http.url,attributes.operation.http.method,attributes.operation.http.host,attributes.operation.http.status_code,attributes.operation.http.status_text,metadata.scope,metadata.resource,metadata.schema_url,__v,attributes.operation.http.response_content_length_uncompressed,attributes.source.net.host.ip,attributes.source.net.host.port,attributes.operation.http.user_agent,attributes.operation.http.request_content_length_uncompressed
644f095a8f303ba50af78c43,GET,8ca6e56627ab94ce,a6944968e1866b0987dc3f814e205a50,f3ce3ce0cc5d50f7,2023-05-01T00:35:33.175Z,2023-05-01T00:35:33.617Z,140.82.121.5,443,https://api.github.com/orgs/oas-tools,GET,api.github.com:443,200,OK,@opentelemetry/instrumentation-http@0.38.0,644f095af763118528853f0d,,0,,,,,
644f095a8f303ba50af78c44,POST,c70448d8be8654bc,a6944968e1866b0987dc3f814e205a50,f3ce3ce0cc5d50f7,2023-05-01T00:35:33.191Z,2023-05-01T00:35:33.689Z,172.19.0.2,80,http://microservice-two/api/v1/request,POST,microservice-two:80,200,OK,@opentelemetry/instrumentation-http@0.38.0,644f095af763118528853f0d,,0,1513,,,,
644f095a8f303ba50af78c45,POST,eead91e3037ffd84,a6944968e1866b0987dc3f814e205a50,f3ce3ce0cc5d50f7,2023-05-01T00:35:33.196Z,2023-05-01T00:35:33.744Z,172.19.0.2,80,http://microservice-two/api/v1/request,POST,microservice-two:80,200,OK,@opentelemetry/instrumentation-http@0.38.0,644f095af763118528853f0d,,0,1513,,,,
644f095a8f303ba50af78c46,POST,308bdc922fc97943,a6944968e1866b0987dc3f814e205a50,f3ce3ce0cc5d50f7,2023-05-01T00:35:33.193Z,2023-05-01T00:35:33.781Z,172.19.0.2,80,http://microservice-two/api/v1/request,POST,microservice-two:80,200,OK,@opentelemetry/instrumentation-http@0.38.0,644f095af763118528853f0d,,0,1513,,,,
644f095a8f303ba50af78c47,POST,f3ce3ce0cc5d50f7,a6944968e1866b0987dc3f814e205a50,34bd5c30cdab2436,2023-05-01T00:35:33.120Z,2023-05-01T00:35:33.811Z,::ffff:172.19.0.4,55142,http://microservice-three/api/v1/request,POST,microservice-three,200,OK,@opentelemetry/instrumentation-http@0.38.0,644f095af763118528853f0d,,0,,::ffff:172.19.0.3,80,axios/1.4.0,883
644f095a8f303ba50af78c49,GET,0f6b52138591295a,a6944968e1866b0987dc3f814e205a50,2151499627dae131,2023-05-01T00:35:33.214Z,2023-05-01T00:35:33.624Z,140.82.121.5,443,https://api.github.com/users/alesancor1,GET,api.github.com:443,200,OK,@opentelemetry/instrumentation-http@0.38.0,644f095af763118528853f0f,,0,,,,,
644f095a8f303ba50af78c4a,POST,2151499627dae131,a6944968e1866b0987dc3f814e205a50,cef48089e2663015,2023-05-01T00:35:33.187Z,2023-05-01T00:35:33.661Z,::ffff:172.19.0.4,47202,http://microservice-two/api/v1/request,POST,microservice-two,200,OK,@opentelemetry/instrumentation-http@0.38.0,644f095af763118528853f0f,,0,,::ffff:172.19.0.2,80,axios/1.4.0,166
644f095a8f303ba50af78c4b,GET,f328516e952d0cca,a6944968e1866b0987dc3f814e205a50,4745a99b03312383,2023-05-01T00:35:33.246Z,2023-05-01T00:35:33.662Z,140.82.121.5,443,https://api.github.com/users/alesancor1,GET,api.github.com:443,200,OK,@opentelemetry/instrumentation-http@0.38.0,644f095af763118528853f0f,,0,,,,,
644f095a8f303ba50af78c4c,GET,7417148d9e6034e9,a6944968e1866b0987dc3f814e205a50,ac2c9c979e9418e9,2023-05-01T00:35:33.171Z,2023-05-01T00:35:33.664Z,140.82.121.5,443,https://api.github.com/users/alesancor1,GET,api.github.com:443,200,OK,@opentelemetry/instrumentation-http@0.38.0,644f095af763118528853f0f,,0,,,,,
644f095a8f303ba50af78c4d,POST,4745a99b03312383,a6944968e1866b0987dc3f814e205a50,c70448d8be8654bc,2023-05-01T00:35:33.217Z,2023-05-01T00:35:33.689Z,::ffff:172.19.0.3,39578,http://microservice-two/api/v1/request,POST,microservice-two,200,OK,@opentelemetry/instrumentation-http@0.38.0,644f095af763118528853f0f,,0,,::ffff:172.19.0.2,80,axios/1.4.0,166
644f095a8f303ba50af78c4e,POST,ac2c9c979e9418e9,a6944968e1866b0987dc3f814e205a50,ac4686cb267de788,2023-05-01T00:35:33.120Z,2023-05-01T00:35:33.708Z,::ffff:172.19.0.4,47200,http://microservice-two/api/v1/request,POST,microservice-two,200,OK,@opentelemetry/instrumentation-http@0.38.0,644f095af763118528853f0f,,0,,::ffff:172.19.0.2,80,axios/1.4.0,166
644f095a8f303ba50af78c4f,GET,bc7a7bf693c01d60,a6944968e1866b0987dc3f814e205a50,d8a886ba9fa8ae5f,2023-05-01T00:35:33.289Z,2023-05-01T00:35:33.710Z,140.82.121.5,443,https://api.github.com/users/alesancor1,GET,api.github.com:443,200,OK,@opentelemetry/instrumentation-http@0.38.0,644f095af763118528853f0f,,0,,,,,
644f095a8f303ba50af78c50,POST,d8a886ba9fa8ae5f,a6944968e1866b0987dc3f814e205a50,eead91e3037ffd84,2023-05-01T00:35:33.273Z,2023-05-01T00:35:33.743Z,::ffff:172.19.0.3,39582,http://microservice-two/api/v1/request,POST,microservice-two,200,OK,@opentelemetry/instrumentation-http@0.38.0,644f095af763118528853f0f,,0,,::ffff:172.19.0.2,80,axios/1.4.0,166
644f095a8f303ba50af78c51,GET,ed21417768e34de0,a6944968e1866b0987dc3f814e205a50,236a908a75a2f787,2023-05-01T00:35:33.272Z,2023-05-01T00:35:33.748Z,140.82.121.5,443,https://api.github.com/users/alesancor1,GET,api.github.com:443,200,OK,@opentelemetry/instrumentation-http@0.38.0,644f095af763118528853f0f,,0,,,,,
644f095a8f303ba50af78c52,POST,236a908a75a2f787,a6944968e1866b0987dc3f814e205a50,308bdc922fc97943,2023-05-01T00:35:33.249Z,2023-05-01T00:35:33.780Z,::ffff:172.19.0.3,39580,http://microservice-two/api/v1/request,POST,microservice-two,200,OK,@opentelemetry/instrumentation-http@0.38.0,644f095af763118528853f0f,,0,,::ffff:172.19.0.2,80,axios/1.4.0,166
644f095a8f303ba50af78c54,POST,cef48089e2663015,a6944968e1866b0987dc3f814e205a50,d16bd7f1c38335a8,2023-05-01T00:35:33.109Z,2023-05-01T00:35:33.662Z,172.19.0.2,80,http://microservice-two/api/v1/request,POST,microservice-two:80,200,OK,@opentelemetry/instrumentation-http@0.38.0,644f08e8f763118528853e9d,,0,1513,,,,
644f095a8f303ba50af78c55,POST,ac4686cb267de788,a6944968e1866b0987dc3f814e205a50,d16bd7f1c38335a8,2023-05-01T00:35:33.104Z,2023-05-01T00:35:33.709Z,172.19.0.2,80,http://microservice-two/api/v1/request,POST,microservice-two:80,200,OK,@opentelemetry/instrumentation-http@0.38.0,644f08e8f763118528853e9d,,0,1513,,,,
644f095a8f303ba50af78c56,POST,34bd5c30cdab2436,a6944968e1866b0987dc3f814e205a50,d16bd7f1c38335a8,2023-05-01T00:35:33.111Z,2023-05-01T00:35:33.811Z,172.19.0.3,80,http://microservice-three/api/v1/request,POST,microservice-three:80,200,OK,@opentelemetry/instrumentation-http@0.38.0,644f08e8f763118528853e9d,,0,6382,,,,
644f095a8f303ba50af78c57,POST,d16bd7f1c38335a8,a6944968e1866b0987dc3f814e205a50,,2023-05-01T00:35:33.043Z,2023-05-01T00:35:33.838Z,::ffff:172.19.0.1,58648,http://localhost:8080/api/v1/request,POST,localhost:8080,200,OK,@opentelemetry/instrumentation-http@0.38.0,644f08e8f763118528853e9d,,0,,::ffff:172.19.0.4,80,"Mozilla/5.0 (Windows NT 10.0; Win64; x64) AppleWebKit/537.36 (KHTML, like Gecko) Chrome/112.0.0.0 Safari/537.36 Edg/112.0.1722.64",2504
644f09788f303ba50af78c5a,GET,dd2c333bdfec9826,90a55847370e8a1ff966ecbd8df42687,5169f3bb11c59536,2023-05-01T00:36:03.489Z,2023-05-01T00:36:03.810Z,140.82.121.5,443,https://api.github.com/users/alesancor1,GET,api.github.com:443,401,UNAUTHORIZED,@opentelemetry/instrumentation-http@0.38.0,644f095af763118528853f0f,,0,80,,,,
644f09788f303ba50af78c5b,POST,5169f3bb11c59536,90a55847370e8a1ff966ecbd8df42687,3b69f692c2c08fb1,2023-05-01T00:36:03.472Z,2023-05-01T00:36:03.830Z,::ffff:172.19.0.3,39738,http://microservice-two/api/v1/request,POST,microservice-two,401,UNAUTHORIZED,@opentelemetry/instrumentation-http@0.38.0,644f095af763118528853f0f,,0,,::ffff:172.19.0.2,80,axios/1.4.0,169
644f09788f303ba50af78c5c,GET,d84325cc7e6bbb89,90a55847370e8a1ff966ecbd8df42687,5cee268662a2f5b1,2023-05-01T00:36:03.423Z,2023-05-01T00:36:03.832Z,140.82.121.5,443,https://api.github.com/users/alesancor1,GET,api.github.com:443,401,UNAUTHORIZED,@opentelemetry/instrumentation-http@0.38.0,644f095af763118528853f0f,,0,80,,,,
644f09788f303ba50af78c5d,POST,5cee268662a2f5b1,90a55847370e8a1ff966ecbd8df42687,083a0a5164c974ca,2023-05-01T00:36:03.405Z,2023-05-01T00:36:03.844Z,::ffff:172.19.0.4,47358,http://microservice-two/api/v1/request,POST,microservice-two,401,UNAUTHORIZED,@opentelemetry/instrumentation-http@0.38.0,644f095af763118528853f0f,,0,,::ffff:172.19.0.2,80,axios/1.4.0,169
644f09788f303ba50af78c5e,GET,f9521279e6cbfb0d,90a55847370e8a1ff966ecbd8df42687,5cb3f6ef99494b02,2023-05-01T00:36:03.401Z,2023-05-01T00:36:03.847Z,140.82.121.5,443,https://api.github.com/users/alesancor1,GET,api.github.com:443,200,OK,@opentelemetry/instrumentation-http@0.38.0,644f095af763118528853f0f,,0,,,,,
644f09788f303ba50af78c5f,GET,15a0133882acdf84,90a55847370e8a1ff966ecbd8df42687,dccd36f55517f1ef,2023-05-01T00:36:03.444Z,2023-05-01T00:36:03.848Z,140.82.121.5,443,https://api.github.com/users/alesancor1,GET,api.github.com:443,200,OK,@opentelemetry/instrumentation-http@0.38.0,644f095af763118528853f0f,,0,,,,,
644f09788f303ba50af78c60,POST,5cb3f6ef99494b02,90a55847370e8a1ff966ecbd8df42687,2914eabb09dcaf5a,2023-05-01T00:36:03.384Z,2023-05-01T00:36:03.863Z,::ffff:172.19.0.4,47356,http://microservice-two/api/v1/request,POST,microservice-two,200,OK,@opentelemetry/instrumentation-http@0.38.0,644f095af763118528853f0f,,0,,::ffff:172.19.0.2,80,axios/1.4.0,166
644f09788f303ba50af78c61,POST,dccd36f55517f1ef,90a55847370e8a1ff966ecbd8df42687,ff10b972a81df4e5,2023-05-01T00:36:03.427Z,2023-05-01T00:36:03.875Z,::ffff:172.19.0.3,39734,http://microservice-two/api/v1/request,POST,microservice-two,200,OK,@opentelemetry/instrumentation-http@0.38.0,644f095af763118528853f0f,,0,,::ffff:172.19.0.2,80,axios/1.4.0,166
644f09788f303ba50af78c62,GET,571de694dbfe9bba,90a55847370e8a1ff966ecbd8df42687,4c9657b751c8673f,2023-05-01T00:36:03.470Z,2023-05-01T00:36:03.878Z,140.82.121.5,443,https://api.github.com/users/alesancor1,GET,api.github.com:443,200,OK,@opentelemetry/instrumentation-http@0.38.0,644f095af763118528853f0f,,0,,,,,
644f09788f303ba50af78c63,POST,4c9657b751c8673f,90a55847370e8a1ff966ecbd8df42687,5366ae0821354db4,2023-05-01T00:36:03.447Z,2023-05-01T00:36:03.895Z,::ffff:172.19.0.3,39736,http://microservice-two/api/v1/request,POST,microservice-two,200,OK,@opentelemetry/instrumentation-http@0.38.0,644f095af763118528853f0f,,0,,::ffff:172.19.0.2,80,axios/1.4.0,166
644f09788f303ba50af78c67,POST,3b69f692c2c08fb1,90a55847370e8a1ff966ecbd8df42687,2fac08ae27a276b5,2023-05-01T00:36:03.425Z,2023-05-01T00:36:03.831Z,172.19.0.2,80,http://microservice-two/api/v1/request,POST,microservice-two:80,401,UNAUTHORIZED,@opentelemetry/instrumentation-http@0.38.0,644f095af763118528853f0d,,0,100,,,,
644f09788f303ba50af78c68,POST,2fac08ae27a276b5,90a55847370e8a1ff966ecbd8df42687,4b4e964fa2b03d1a,2023-05-01T00:36:03.384Z,2023-05-01T00:36:03.856Z,::ffff:172.19.0.4,55298,http://microservice-three/api/v1/request,POST,microservice-three,401,UNAUTHORIZED,@opentelemetry/instrumentation-http@0.38.0,644f095af763118528853f0d,,0,,::ffff:172.19.0.3,80,axios/1.4.0,886
644f09788f303ba50af78c69,GET,63bf42d725f3c6c3,90a55847370e8a1ff966ecbd8df42687,2fac08ae27a276b5,2023-05-01T00:36:03.417Z,2023-05-01T00:36:03.861Z,140.82.121.5,443,https://api.github.com/orgs/oas-tools,GET,api.github.com:443,200,OK,@opentelemetry/instrumentation-http@0.38.0,644f095af763118528853f0d,,0,,,,,
644f09788f303ba50af78c6a,POST,ff10b972a81df4e5,90a55847370e8a1ff966ecbd8df42687,2fac08ae27a276b5,2023-05-01T00:36:03.422Z,2023-05-01T00:36:03.876Z,172.19.0.2,80,http://microservice-two/api/v1/request,POST,microservice-two:80,200,OK,@opentelemetry/instrumentation-http@0.38.0,644f095af763118528853f0d,,0,1513,,,,
644f09788f303ba50af78c6b,POST,5366ae0821354db4,90a55847370e8a1ff966ecbd8df42687,2fac08ae27a276b5,2023-05-01T00:36:03.424Z,2023-05-01T00:36:03.896Z,172.19.0.2,80,http://microservice-two/api/v1/request,POST,microservice-two:80,200,OK,@opentelemetry/instrumentation-http@0.38.0,644f095af763118528853f0d,,0,1513,,,,
644f09788f303ba50af78c6d,POST,083a0a5164c974ca,90a55847370e8a1ff966ecbd8df42687,e6abe13cadce6cc3,2023-05-01T00:36:03.380Z,2023-05-01T00:36:03.845Z,172.19.0.2,80,http://microservice-two/api/v1/request,POST,microservice-two:80,401,UNAUTHORIZED,@opentelemetry/instrumentation-http@0.38.0,644f08e8f763118528853e9d,,0,100,,,,
644f09788f303ba50af78c6e,POST,e6abe13cadce6cc3,90a55847370e8a1ff966ecbd8df42687,,2023-05-01T00:36:03.332Z,2023-05-01T00:36:03.868Z,::ffff:172.19.0.1,58804,http://localhost:8080/api/v1/request,POST,localhost:8080,401,UNAUTHORIZED,@opentelemetry/instrumentation-http@0.38.0,644f08e8f763118528853e9d,,0,,::ffff:172.19.0.4,80,"Mozilla/5.0 (Windows NT 10.0; Win64; x64) AppleWebKit/537.36 (KHTML, like Gecko) Chrome/112.0.0.0 Safari/537.36 Edg/112.0.1722.64",2510
644f09788f303ba50af78c6f,POST,4b4e964fa2b03d1a,90a55847370e8a1ff966ecbd8df42687,e6abe13cadce6cc3,2023-05-01T00:36:03.382Z,2023-05-01T00:36:03.869Z,172.19.0.3,80,http://microservice-three/api/v1/request,POST,microservice-three:80,401,UNAUTHORIZED,@opentelemetry/instrumentation-http@0.38.0,644f08e8f763118528853e9d,,0,120,,,,
644f09788f303ba50af78c70,POST,2914eabb09dcaf5a,90a55847370e8a1ff966ecbd8df42687,e6abe13cadce6cc3,2023-05-01T00:36:03.376Z,2023-05-01T00:36:03.870Z,172.19.0.2,80,http://microservice-two/api/v1/request,POST,microservice-two:80,200,OK,@opentelemetry/instrumentation-http@0.38.0,644f08e8f763118528853e9d,,0,1513,,,,
644f09818f303ba50af78c73,POST,13061e7e185c4c5c,1f749818e00792684011b77e5e7183fc,d2bff056702e7ec0,2023-05-01T00:36:12.413Z,2023-05-01T00:36:12.803Z,172.19.0.2,80,http://microservice-two/api/v1/request,POST,microservice-two:80,401,UNAUTHORIZED,@opentelemetry/instrumentation-http@0.38.0,644f095af763118528853f0d,,0,100,,,,
644f09818f303ba50af78c74,POST,d2bff056702e7ec0,1f749818e00792684011b77e5e7183fc,842a0cb5d3580b63,2023-05-01T00:36:12.390Z,2023-05-01T00:36:12.826Z,::ffff:172.19.0.4,55368,http://microservice-three/api/v1/request,POST,microservice-three,401,UNAUTHORIZED,@opentelemetry/instrumentation-http@0.38.0,644f095af763118528853f0d,,0,,::ffff:172.19.0.3,80,axios/1.4.0,888
644f09818f303ba50af78c75,GET,bc269c3ddda5a823,1f749818e00792684011b77e5e7183fc,d2bff056702e7ec0,2023-05-01T00:36:12.408Z,2023-05-01T00:36:12.836Z,140.82.121.6,443,https://api.github.com/orgs/oas-tools,GET,api.github.com:443,200,OK,@opentelemetry/instrumentation-http@0.38.0,644f095af763118528853f0d,,0,,,,,
644f09818f303ba50af78c76,POST,fb4999e03cb775bf,1f749818e00792684011b77e5e7183fc,d2bff056702e7ec0,2023-05-01T00:36:12.415Z,2023-05-01T00:36:12.856Z,172.19.0.2,80,http://microservice-two/api/v1/request,POST,microservice-two:80,401,UNAUTHORIZED,@opentelemetry/instrumentation-http@0.38.0,644f095af763118528853f0d,,0,100,,,,
644f09818f303ba50af78c77,POST,094d64d1250d67e3,1f749818e00792684011b77e5e7183fc,d2bff056702e7ec0,2023-05-01T00:36:12.411Z,2023-05-01T00:36:12.872Z,172.19.0.2,80,http://microservice-two/api/v1/request,POST,microservice-two:80,200,OK,@opentelemetry/instrumentation-http@0.38.0,644f095af763118528853f0d,,0,1513,,,,
644f09818f303ba50af78c78,GET,2023cdb6eb1c18eb,c901c229b040e19ec2c947775caf6a5c,45f2d504bee94f8f,2023-05-01T00:36:17.329Z,2023-05-01T00:36:17.768Z,140.82.121.6,443,https://api.github.com/orgs/oas-tools,GET,api.github.com:443,200,OK,@opentelemetry/instrumentation-http@0.38.0,644f095af763118528853f0d,,0,,,,,
644f09818f303ba50af78c79,POST,18d1c3e47ca0647e,c901c229b040e19ec2c947775caf6a5c,45f2d504bee94f8f,2023-05-01T00:36:17.336Z,2023-05-01T00:36:17.777Z,172.19.0.2,80,http://microservice-two/api/v1/request,POST,microservice-two:80,401,UNAUTHORIZED,@opentelemetry/instrumentation-http@0.38.0,644f095af763118528853f0d,,0,100,,,,
644f09818f303ba50af78c7a,POST,45f2d504bee94f8f,c901c229b040e19ec2c947775caf6a5c,81d34559ac79682b,2023-05-01T00:36:17.304Z,2023-05-01T00:36:17.802Z,::ffff:172.19.0.4,55410,http://microservice-three/api/v1/request,POST,microservice-three,401,UNAUTHORIZED,@opentelemetry/instrumentation-http@0.38.0,644f095af763118528853f0d,,0,,::ffff:172.19.0.3,80,axios/1.4.0,885
644f09818f303ba50af78c7b,POST,b1fdf2f55b0b3e03,c901c229b040e19ec2c947775caf6a5c,45f2d504bee94f8f,2023-05-01T00:36:17.333Z,2023-05-01T00:36:17.803Z,172.19.0.2,80,http://microservice-two/api/v1/request,POST,microservice-two:80,200,OK,@opentelemetry/instrumentation-http@0.38.0,644f095af763118528853f0d,,0,1513,,,,
644f09818f303ba50af78c7f,GET,d4079b012b38701b,1f749818e00792684011b77e5e7183fc,e5c8c3887fd24202,2023-05-01T00:36:12.465Z,2023-05-01T00:36:12.782Z,140.82.121.6,443,https://api.github.com/users/alesancor1,GET,api.github.com:443,401,UNAUTHORIZED,@opentelemetry/instrumentation-http@0.38.0,644f095af763118528853f0f,,0,80,,,,
644f09818f303ba50af78c80,POST,e5c8c3887fd24202,1f749818e00792684011b77e5e7183fc,13061e7e185c4c5c,2023-05-01T00:36:12.447Z,2023-05-01T00:36:12.803Z,::ffff:172.19.0.3,39806,http://microservice-two/api/v1/request,POST,microservice-two,401,UNAUTHORIZED,@opentelemetry/instrumentation-http@0.38.0,644f095af763118528853f0f,,0,,::ffff:172.19.0.2,80,axios/1.4.0,168
644f09818f303ba50af78c81,GET,dfc99cbc5a0e4c7e,1f749818e00792684011b77e5e7183fc,3b4052cbbaf41ca5,2023-05-01T00:36:12.429Z,2023-05-01T00:36:12.804Z,140.82.121.6,443,https://api.github.com/users/alesancor1,GET,api.github.com:443,401,UNAUTHORIZED,@opentelemetry/instrumentation-http@0.38.0,644f095af763118528853f0f,,0,80,,,,
644f09818f303ba50af78c82,POST,3b4052cbbaf41ca5,1f749818e00792684011b77e5e7183fc,383994fce6d0efcb,2023-05-01T00:36:12.412Z,2023-05-01T00:36:12.820Z,::ffff:172.19.0.4,47428,http://microservice-two/api/v1/request,POST,microservice-two,401,UNAUTHORIZED,@opentelemetry/instrumentation-http@0.38.0,644f095af763118528853f0f,,0,,::ffff:172.19.0.2,80,axios/1.4.0,169
644f09818f303ba50af78c83,GET,8db3b0d9d331c911,1f749818e00792684011b77e5e7183fc,370a066bd65f127d,2023-05-01T00:36:12.409Z,2023-05-01T00:36:12.820Z,140.82.121.6,443,https://api.github.com/users/alesancor1,GET,api.github.com:443,401,UNAUTHORIZED,@opentelemetry/instrumentation-http@0.38.0,644f095af763118528853f0f,,0,80,,,,
644f09818f303ba50af78c84,POST,370a066bd65f127d,1f749818e00792684011b77e5e7183fc,7d4416c63b41b230,2023-05-01T00:36:12.390Z,2023-05-01T00:36:12.836Z,::ffff:172.19.0.4,47426,http://microservice-two/api/v1/request,POST,microservice-two,401,UNAUTHORIZED,@opentelemetry/instrumentation-http@0.38.0,644f095af763118528853f0f,,0,,::ffff:172.19.0.2,80,axios/1.4.0,168
644f09818f303ba50af78c85,GET,ffb4f6b876c5ff46,1f749818e00792684011b77e5e7183fc,8990f0ed2a4f2111,2023-05-01T00:36:12.481Z,2023-05-01T00:36:12.839Z,140.82.121.6,443,https://api.github.com/users/alesancor1,GET,api.github.com:443,401,UNAUTHORIZED,@opentelemetry/instrumentation-http@0.38.0,644f095af763118528853f0f,,0,80,,,,
644f09818f303ba50af78c86,POST,8990f0ed2a4f2111,1f749818e00792684011b77e5e7183fc,fb4999e03cb775bf,2023-05-01T00:36:12.467Z,2023-05-01T00:36:12.855Z,::ffff:172.19.0.3,39808,http://microservice-two/api/v1/request,POST,microservice-two,401,UNAUTHORIZED,@opentelemetry/instrumentation-http@0.38.0,644f095af763118528853f0f,,0,,::ffff:172.19.0.2,80,axios/1.4.0,169
644f09818f303ba50af78c87,GET,bafcd3df9b22c547,1f749818e00792684011b77e5e7183fc,d739baa5825a8c1e,2023-05-01T00:36:12.445Z,2023-05-01T00:36:12.858Z,140.82.121.6,443,https://api.github.com/users/alesancor1,GET,api.github.com:443,200,OK,@opentelemetry/instrumentation-http@0.38.0,644f095af763118528853f0f,,0,,,,,
644f09818f303ba50af78c88,POST,d739baa5825a8c1e,1f749818e00792684011b77e5e7183fc,094d64d1250d67e3,2023-05-01T00:36:12.433Z,2023-05-01T00:36:12.871Z,::ffff:172.19.0.3,39804,http://microservice-two/api/v1/request,POST,microservice-two,200,OK,@opentelemetry/instrumentation-http@0.38.0,644f095af763118528853f0f,,0,,::ffff:172.19.0.2,80,axios/1.4.0,166
644f09818f303ba50af78c89,GET,c49fd1d331ec026e,c901c229b040e19ec2c947775caf6a5c,ef4e0131c25f1ac8,2023-05-01T00:36:17.343Z,2023-05-01T00:36:17.701Z,140.82.121.6,443,https://api.github.com/users/alesancor1,GET,api.github.com:443,401,UNAUTHORIZED,@opentelemetry/instrumentation-http@0.38.0,644f095af763118528853f0f,,0,80,,,,
644f09818f303ba50af78c8a,POST,ef4e0131c25f1ac8,c901c229b040e19ec2c947775caf6a5c,1541d72e3850977a,2023-05-01T00:36:17.323Z,2023-05-01T00:36:17.719Z,::ffff:172.19.0.4,47470,http://microservice-two/api/v1/request,POST,microservice-two,401,UNAUTHORIZED,@opentelemetry/instrumentation-http@0.38.0,644f095af763118528853f0f,,0,,::ffff:172.19.0.2,80,axios/1.4.0,169
644f09818f303ba50af78c8b,GET,3ea11da64951b6f6,c901c229b040e19ec2c947775caf6a5c,e15e10d00ce66136,2023-05-01T00:36:17.321Z,2023-05-01T00:36:17.720Z,140.82.121.6,443,https://api.github.com/users/alesancor1,GET,api.github.com:443,401,UNAUTHORIZED,@opentelemetry/instrumentation-http@0.38.0,644f095af763118528853f0f,,0,80,,,,
644f09818f303ba50af78c8c,POST,e15e10d00ce66136,c901c229b040e19ec2c947775caf6a5c,1225a1189009efbd,2023-05-01T00:36:17.304Z,2023-05-01T00:36:17.735Z,::ffff:172.19.0.4,47468,http://microservice-two/api/v1/request,POST,microservice-two,401,UNAUTHORIZED,@opentelemetry/instrumentation-http@0.38.0,644f095af763118528853f0f,,0,,::ffff:172.19.0.2,80,axios/1.4.0,168
644f09818f303ba50af78c8d,GET,04d74150a94c278b,c901c229b040e19ec2c947775caf6a5c,c483232f683fd635,2023-05-01T00:36:17.374Z,2023-05-01T00:36:17.763Z,140.82.121.6,443,https://api.github.com/users/alesancor1,GET,api.github.com:443,401,UNAUTHORIZED,@opentelemetry/instrumentation-http@0.38.0,644f095af763118528853f0f,,0,80,,,,
644f09818f303ba50af78c8e,POST,c483232f683fd635,c901c229b040e19ec2c947775caf6a5c,18d1c3e47ca0647e,2023-05-01T00:36:17.361Z,2023-05-01T00:36:17.777Z,::ffff:172.19.0.3,39848,http://microservice-two/api/v1/request,POST,microservice-two,401,UNAUTHORIZED,@opentelemetry/instrumentation-http@0.38.0,644f095af763118528853f0f,,0,,::ffff:172.19.0.2,80,axios/1.4.0,168
644f09818f303ba50af78c8f,GET,e50089a8b625c4e7,c901c229b040e19ec2c947775caf6a5c,11adfdc920be2e01,2023-05-01T00:36:17.361Z,2023-05-01T00:36:17.778Z,140.82.121.6,443,https://api.github.com/users/alesancor1,GET,api.github.com:443,200,OK,@opentelemetry/instrumentation-http@0.38.0,644f095af763118528853f0f,,0,,,,,
644f09818f303ba50af78c90,GET,c8a751bac192c82f,c901c229b040e19ec2c947775caf6a5c,0b21df4d1ed58779,2023-05-01T00:36:17.388Z,2023-05-01T00:36:17.779Z,140.82.121.6,443,https://api.github.com/users/alesancor1,GET,api.github.com:443,200,OK,@opentelemetry/instrumentation-http@0.38.0,644f095af763118528853f0f,,0,,,,,
644f09818f303ba50af78c91,POST,11adfdc920be2e01,c901c229b040e19ec2c947775caf6a5c,b1fdf2f55b0b3e03,2023-05-01T00:36:17.345Z,2023-05-01T00:36:17.796Z,::ffff:172.19.0.3,39846,http://microservice-two/api/v1/request,POST,microservice-two,200,OK,@opentelemetry/instrumentation-http@0.38.0,644f095af763118528853f0f,,0,,::ffff:172.19.0.2,80,axios/1.4.0,166
644f09818f303ba50af78c92,POST,0b21df4d1ed58779,c901c229b040e19ec2c947775caf6a5c,50c0f469dc91cde1,2023-05-01T00:36:17.375Z,2023-05-01T00:36:17.809Z,::ffff:172.19.0.3,39850,http://microservice-two/api/v1/request,POST,microservice-two,200,OK,@opentelemetry/instrumentation-http@0.38.0,644f095af763118528853f0f,,0,,::ffff:172.19.0.2,80,axios/1.4.0,166
644f09818f303ba50af78c94,POST,383994fce6d0efcb,1f749818e00792684011b77e5e7183fc,d8087d48cb0fa19b,2023-05-01T00:36:12.385Z,2023-05-01T00:36:12.820Z,172.19.0.2,80,http://microservice-two/api/v1/request,POST,microservice-two:80,401,UNAUTHORIZED,@opentelemetry/instrumentation-http@0.38.0,644f08e8f763118528853e9d,,0,100,,,,
644f09818f303ba50af78c95,POST,d8087d48cb0fa19b,1f749818e00792684011b77e5e7183fc,,2023-05-01T00:36:12.364Z,2023-05-01T00:36:12.843Z,::ffff:172.19.0.1,58874,http://localhost:8080/api/v1/request,POST,localhost:8080,401,UNAUTHORIZED,@opentelemetry/instrumentation-http@0.38.0,644f08e8f763118528853e9d,,0,,::ffff:172.19.0.4,80,"Mozilla/5.0 (Windows NT 10.0; Win64; x64) AppleWebKit/537.36 (KHTML, like Gecko) Chrome/112.0.0.0 Safari/537.36 Edg/112.0.1722.64",2514
644f09818f303ba50af78c96,POST,842a0cb5d3580b63,1f749818e00792684011b77e5e7183fc,d8087d48cb0fa19b,2023-05-01T00:36:12.388Z,2023-05-01T00:36:12.845Z,172.19.0.3,80,http://microservice-three/api/v1/request,POST,microservice-three:80,401,UNAUTHORIZED,@opentelemetry/instrumentation-http@0.38.0,644f08e8f763118528853e9d,,0,120,,,,
644f09818f303ba50af78c97,POST,7d4416c63b41b230,1f749818e00792684011b77e5e7183fc,d8087d48cb0fa19b,2023-05-01T00:36:12.385Z,2023-05-01T00:36:12.848Z,172.19.0.2,80,http://microservice-two/api/v1/request,POST,microservice-two:80,401,UNAUTHORIZED,@opentelemetry/instrumentation-http@0.38.0,644f08e8f763118528853e9d,,0,100,,,,
644f09818f303ba50af78c98,POST,1541d72e3850977a,c901c229b040e19ec2c947775caf6a5c,6b823a79b6007e1d,2023-05-01T00:36:17.299Z,2023-05-01T00:36:17.720Z,172.19.0.2,80,http://microservice-two/api/v1/request,POST,microservice-two:80,401,UNAUTHORIZED,@opentelemetry/instrumentation-http@0.38.0,644f08e8f763118528853e9d,,0,100,,,,
644f09818f303ba50af78c99,POST,6b823a79b6007e1d,c901c229b040e19ec2c947775caf6a5c,,2023-05-01T00:36:17.273Z,2023-05-01T00:36:17.745Z,::ffff:172.19.0.1,58874,http://localhost:8080/api/v1/request,POST,localhost:8080,401,UNAUTHORIZED,@opentelemetry/instrumentation-http@0.38.0,644f08e8f763118528853e9d,,0,,::ffff:172.19.0.4,80,"Mozilla/5.0 (Windows NT 10.0; Win64; x64) AppleWebKit/537.36 (KHTML, like Gecko) Chrome/112.0.0.0 Safari/537.36 Edg/112.0.1722.64",2511
644f09818f303ba50af78c9a,POST,1225a1189009efbd,c901c229b040e19ec2c947775caf6a5c,6b823a79b6007e1d,2023-05-01T00:36:17.297Z,2023-05-01T00:36:17.748Z,172.19.0.2,80,http://microservice-two/api/v1/request,POST,microservice-two:80,401,UNAUTHORIZED,@opentelemetry/instrumentation-http@0.38.0,644f08e8f763118528853e9d,,0,100,,,,
644f09818f303ba50af78c9b,POST,81d34559ac79682b,c901c229b040e19ec2c947775caf6a5c,6b823a79b6007e1d,2023-05-01T00:36:17.302Z,2023-05-01T00:36:17.804Z,172.19.0.3,80,http://microservice-three/api/v1/request,POST,microservice-three:80,401,UNAUTHORIZED,@opentelemetry/instrumentation-http@0.38.0,644f08e8f763118528853e9d,,0,120,,,,
644f09868f303ba50af78c9e,POST,50c0f469dc91cde1,c901c229b040e19ec2c947775caf6a5c,45f2d504bee94f8f,2023-05-01T00:36:17.337Z,2023-05-01T00:36:17.809Z,172.19.0.2,80,http://microservice-two/api/v1/request,POST,microservice-two:80,200,OK,@opentelemetry/instrumentation-http@0.38.0,644f095af763118528853f0d,,0,1513,,,,
644f098e8f303ba50af78ca1,GET,88ad238cc3522ed5,e41ea1fc90653470882401f8c48bb7b9,6fac58712112a068,2023-05-01T00:36:24.977Z,2023-05-01T00:36:25.335Z,140.82.121.6,443,https://api.github.com/users/alesancor1,GET,api.github.com:443,401,UNAUTHORIZED,@opentelemetry/instrumentation-http@0.38.0,644f095af763118528853f0f,,0,80,,,,
644f098e8f303ba50af78ca2,POST,6fac58712112a068,e41ea1fc90653470882401f8c48bb7b9,8108d501ba8c2993,2023-05-01T00:36:24.961Z,2023-05-01T00:36:25.354Z,::ffff:172.19.0.4,47526,http://microservice-two/api/v1/request,POST,microservice-two,401,UNAUTHORIZED,@opentelemetry/instrumentation-http@0.38.0,644f095af763118528853f0f,,0,,::ffff:172.19.0.2,80,axios/1.4.0,169
644f098e8f303ba50af78ca3,GET,f30f3513d6a71d2e,e41ea1fc90653470882401f8c48bb7b9,c8432069b2a3c6a3,2023-05-01T00:36:25.008Z,2023-05-01T00:36:25.356Z,140.82.121.6,443,https://api.github.com/users/alesancor1,GET,api.github.com:443,401,UNAUTHORIZED,@opentelemetry/instrumentation-http@0.38.0,644f095af763118528853f0f,,0,80,,,,
644f098e8f303ba50af78ca4,POST,c8432069b2a3c6a3,e41ea1fc90653470882401f8c48bb7b9,bb29eb2ba054e0ef,2023-05-01T00:36:24.996Z,2023-05-01T00:36:25.371Z,::ffff:172.19.0.3,39904,http://microservice-two/api/v1/request,POST,microservice-two,401,UNAUTHORIZED,@opentelemetry/instrumentation-http@0.38.0,644f095af763118528853f0f,,0,,::ffff:172.19.0.2,80,axios/1.4.0,168
644f098e8f303ba50af78ca5,GET,2da27a377ab3d58d,e41ea1fc90653470882401f8c48bb7b9,a798fd5d91fc9bef,2023-05-01T00:36:24.961Z,2023-05-01T00:36:25.381Z,140.82.121.6,443,https://api.github.com/users/alesancor1,GET,api.github.com:443,401,UNAUTHORIZED,@opentelemetry/instrumentation-http@0.38.0,644f095af763118528853f0f,,0,80,,,,
644f098e8f303ba50af78ca6,POST,a798fd5d91fc9bef,e41ea1fc90653470882401f8c48bb7b9,f3fe4f7ef2316b8a,2023-05-01T00:36:24.945Z,2023-05-01T00:36:25.400Z,::ffff:172.19.0.4,47524,http://microservice-two/api/v1/request,POST,microservice-two,401,UNAUTHORIZED,@opentelemetry/instrumentation-http@0.38.0,644f095af763118528853f0f,,0,,::ffff:172.19.0.2,80,axios/1.4.0,170
644f098e8f303ba50af78ca7,GET,d791fa8b2b7a47a7,e41ea1fc90653470882401f8c48bb7b9,bd404ded2f3ecea2,2023-05-01T00:36:24.993Z,2023-05-01T00:36:25.402Z,140.82.121.6,443,https://api.github.com/users/alesancor1,GET,api.github.com:443,200,OK,@opentelemetry/instrumentation-http@0.38.0,644f095af763118528853f0f,,0,,,,,
644f098e8f303ba50af78ca8,GET,aac1336b93901490,e41ea1fc90653470882401f8c48bb7b9,6e7e8e9771575793,2023-05-01T00:36:25.025Z,2023-05-01T00:36:25.404Z,140.82.121.6,443,https://api.github.com/users/alesancor1,GET,api.github.com:443,200,OK,@opentelemetry/instrumentation-http@0.38.0,644f095af763118528853f0f,,0,,,,,
644f098e8f303ba50af78ca9,POST,bd404ded2f3ecea2,e41ea1fc90653470882401f8c48bb7b9,423fba546c993e9f,2023-05-01T00:36:24.980Z,2023-05-01T00:36:25.431Z,::ffff:172.19.0.3,39902,http://microservice-two/api/v1/request,POST,microservice-two,200,OK,@opentelemetry/instrumentation-http@0.38.0,644f095af763118528853f0f,,0,,::ffff:172.19.0.2,80,axios/1.4.0,166
644f098e8f303ba50af78caa,POST,6e7e8e9771575793,e41ea1fc90653470882401f8c48bb7b9,761ae8da38dd4ddd,2023-05-01T00:36:25.009Z,2023-05-01T00:36:25.454Z,::ffff:172.19.0.3,39906,http://microservice-two/api/v1/request,POST,microservice-two,200,OK,@opentelemetry/instrumentation-http@0.38.0,644f095af763118528853f0f,,0,,::ffff:172.19.0.2,80,axios/1.4.0,166
644f098e8f303ba50af78cae,POST,8108d501ba8c2993,e41ea1fc90653470882401f8c48bb7b9,5673c0f74c35436c,2023-05-01T00:36:24.942Z,2023-05-01T00:36:25.356Z,172.19.0.2,80,http://microservice-two/api/v1/request,POST,microservice-two:80,401,UNAUTHORIZED,@opentelemetry/instrumentation-http@0.38.0,644f08e8f763118528853e9d,,0,100,,,,
644f098e8f303ba50af78caf,POST,5673c0f74c35436c,e41ea1fc90653470882401f8c48bb7b9,,2023-05-01T00:36:24.919Z,2023-05-01T00:36:25.376Z,::ffff:172.19.0.1,58972,http://localhost:8080/api/v1/request,POST,localhost:8080,401,UNAUTHORIZED,@opentelemetry/instrumentation-http@0.38.0,644f08e8f763118528853e9d,,0,,::ffff:172.19.0.4,80,"Mozilla/5.0 (Windows NT 10.0; Win64; x64) AppleWebKit/537.36 (KHTML, like Gecko) Chrome/112.0.0.0 Safari/537.36 Edg/112.0.1722.64",2513
644f098e8f303ba50af78cb0,POST,1e63244beee97a94,e41ea1fc90653470882401f8c48bb7b9,5673c0f74c35436c,2023-05-01T00:36:24.943Z,2023-05-01T00:36:25.393Z,172.19.0.3,80,http://microservice-three/api/v1/request,POST,microservice-three:80,401,UNAUTHORIZED,@opentelemetry/instrumentation-http@0.38.0,644f08e8f763118528853e9d,,0,120,,,,
644f098e8f303ba50af78cb1,POST,f3fe4f7ef2316b8a,e41ea1fc90653470882401f8c48bb7b9,5673c0f74c35436c,2023-05-01T00:36:24.940Z,2023-05-01T00:36:25.401Z,172.19.0.2,80,http://microservice-two/api/v1/request,POST,microservice-two:80,401,UNAUTHORIZED,@opentelemetry/instrumentation-http@0.38.0,644f08e8f763118528853e9d,,0,100,,,,
644f098e8f303ba50af78cb3,POST,bb29eb2ba054e0ef,e41ea1fc90653470882401f8c48bb7b9,79a1c9eb22c9b10f,2023-05-01T00:36:24.971Z,2023-05-01T00:36:25.372Z,172.19.0.2,80,http://microservice-two/api/v1/request,POST,microservice-two:80,401,UNAUTHORIZED,@opentelemetry/instrumentation-http@0.38.0,644f095af763118528853f0d,,0,100,,,,
644f098e8f303ba50af78cb4,POST,79a1c9eb22c9b10f,e41ea1fc90653470882401f8c48bb7b9,1e63244beee97a94,2023-05-01T00:36:24.945Z,2023-05-01T00:36:25.392Z,::ffff:172.19.0.4,55466,http://microservice-three/api/v1/request,POST,microservice-three,401,UNAUTHORIZED,@opentelemetry/instrumentation-http@0.38.0,644f095af763118528853f0d,,0,,::ffff:172.19.0.3,80,axios/1.4.0,885
644f098e8f303ba50af78cb5,GET,093ae4a4612c9e95,e41ea1fc90653470882401f8c48bb7b9,79a1c9eb22c9b10f,2023-05-01T00:36:24.968Z,2023-05-01T00:36:25.393Z,140.82.121.6,443,https://api.github.com/orgs/oas-tools,GET,api.github.com:443,200,OK,@opentelemetry/instrumentation-http@0.38.0,644f095af763118528853f0d,,0,,,,,
644f098e8f303ba50af78cb6,POST,423fba546c993e9f,e41ea1fc90653470882401f8c48bb7b9,79a1c9eb22c9b10f,2023-05-01T00:36:24.969Z,2023-05-01T00:36:25.432Z,172.19.0.2,80,http://microservice-two/api/v1/request,POST,microservice-two:80,200,OK,@opentelemetry/instrumentation-http@0.38.0,644f095af763118528853f0d,,0,1513,,,,
644f098e8f303ba50af78cb7,POST,761ae8da38dd4ddd,e41ea1fc90653470882401f8c48bb7b9,79a1c9eb22c9b10f,2023-05-01T00:36:24.972Z,2023-05-01T00:36:25.455Z,172.19.0.2,80,http://microservice-two/api/v1/request,POST,microservice-two:80,200,OK,@opentelemetry/instrumentation-http@0.38.0,644f095af763118528853f0d,,0,1513,,,,
644f09978f303ba50af78cba,GET,2dbccc8205872e99,c754bcc67a3aba739a4b804e5581ab6b,085f9c6264f989fe,2023-05-01T00:36:33.691Z,2023-05-01T00:36:34.068Z,140.82.121.6,443,https://api.github.com/users/alesancor1,GET,api.github.com:443,401,UNAUTHORIZED,@opentelemetry/instrumentation-http@0.38.0,644f095af763118528853f0f,,0,80,,,,
644f09978f303ba50af78cbb,POST,085f9c6264f989fe,c754bcc67a3aba739a4b804e5581ab6b,234ff5d946c4b460,2023-05-01T00:36:33.673Z,2023-05-01T00:36:34.087Z,::ffff:172.19.0.4,47592,http://microservice-two/api/v1/request,POST,microservice-two,401,UNAUTHORIZED,@opentelemetry/instrumentation-http@0.38.0,644f095af763118528853f0f,,0,,::ffff:172.19.0.2,80,axios/1.4.0,170
644f09978f303ba50af78cbc,GET,b11128c73e56f563,c754bcc67a3aba739a4b804e5581ab6b,ec216b383eaa35e5,2023-05-01T00:36:33.750Z,2023-05-01T00:36:34.090Z,140.82.121.6,443,https://api.github.com/users/alesancor1,GET,api.github.com:443,401,UNAUTHORIZED,@opentelemetry/instrumentation-http@0.38.0,644f095af763118528853f0f,,0,80,,,,
644f09978f303ba50af78cbd,POST,ec216b383eaa35e5,c754bcc67a3aba739a4b804e5581ab6b,b10477546605b17b,2023-05-01T00:36:33.729Z,2023-05-01T00:36:34.105Z,::ffff:172.19.0.3,39972,http://microservice-two/api/v1/request,POST,microservice-two,401,UNAUTHORIZED,@opentelemetry/instrumentation-http@0.38.0,644f095af763118528853f0f,,0,,::ffff:172.19.0.2,80,axios/1.4.0,170
644f09978f303ba50af78cbe,GET,29ffdf597d3ca1f5,c754bcc67a3aba739a4b804e5581ab6b,2b73b206ae260d01,2023-05-01T00:36:33.709Z,2023-05-01T00:36:34.108Z,140.82.121.6,443,https://api.github.com/users/alesancor1,GET,api.github.com:443,401,UNAUTHORIZED,@opentelemetry/instrumentation-http@0.38.0,644f095af763118528853f0f,,0,80,,,,
644f09978f303ba50af78cbf,POST,2b73b206ae260d01,c754bcc67a3aba739a4b804e5581ab6b,6f34d615b2c0bd36,2023-05-01T00:36:33.694Z,2023-05-01T00:36:34.122Z,::ffff:172.19.0.4,47594,http://microservice-two/api/v1/request,POST,microservice-two,401,UNAUTHORIZED,@opentelemetry/instrumentation-http@0.38.0,644f095af763118528853f0f,,0,,::ffff:172.19.0.2,80,axios/1.4.0,169
644f09978f303ba50af78cc0,GET,5069d7f3203099fc,c754bcc67a3aba739a4b804e5581ab6b,2783a6e68e3a8da9,2023-05-01T00:36:33.729Z,2023-05-01T00:36:34.124Z,140.82.121.6,443,https://api.github.com/users/alesancor1,GET,api.github.com:443,200,OK,@opentelemetry/instrumentation-http@0.38.0,644f095af763118528853f0f,,0,,,,,
644f09978f303ba50af78cc1,POST,2783a6e68e3a8da9,c754bcc67a3aba739a4b804e5581ab6b,71cec3056aa3d3b3,2023-05-01T00:36:33.713Z,2023-05-01T00:36:34.138Z,::ffff:172.19.0.3,39970,http://microservice-two/api/v1/request,POST,microservice-two,200,OK,@opentelemetry/instrumentation-http@0.38.0,644f095af763118528853f0f,,0,,::ffff:172.19.0.2,80,axios/1.4.0,166
644f09978f303ba50af78cc2,GET,a1ceff16fab053ab,c754bcc67a3aba739a4b804e5581ab6b,bba3766927b51b44,2023-05-01T00:36:33.765Z,2023-05-01T00:36:34.163Z,140.82.121.6,443,https://api.github.com/users/alesancor1,GET,api.github.com:443,200,OK,@opentelemetry/instrumentation-http@0.38.0,644f095af763118528853f0f,,0,,,,,
644f09978f303ba50af78cc3,POST,bba3766927b51b44,c754bcc67a3aba739a4b804e5581ab6b,d5602404609787a7,2023-05-01T00:36:33.755Z,2023-05-01T00:36:34.178Z,::ffff:172.19.0.3,39974,http://microservice-two/api/v1/request,POST,microservice-two,200,OK,@opentelemetry/instrumentation-http@0.38.0,644f095af763118528853f0f,,0,,::ffff:172.19.0.2,80,axios/1.4.0,166
644f09978f303ba50af78cc6,POST,234ff5d946c4b460,c754bcc67a3aba739a4b804e5581ab6b,2095c1a084b8a695,2023-05-01T00:36:33.669Z,2023-05-01T00:36:34.086Z,172.19.0.2,80,http://microservice-two/api/v1/request,POST,microservice-two:80,401,UNAUTHORIZED,@opentelemetry/instrumentation-http@0.38.0,644f08e8f763118528853e9d,,0,100,,,,
644f09978f303ba50af78cc7,POST,2095c1a084b8a695,c754bcc67a3aba739a4b804e5581ab6b,,2023-05-01T00:36:33.648Z,2023-05-01T00:36:34.109Z,::ffff:172.19.0.1,59040,http://localhost:8080/api/v1/request,POST,localhost:8080,401,UNAUTHORIZED,@opentelemetry/instrumentation-http@0.38.0,644f08e8f763118528853e9d,,0,,::ffff:172.19.0.4,80,"Mozilla/5.0 (Windows NT 10.0; Win64; x64) AppleWebKit/537.36 (KHTML, like Gecko) Chrome/112.0.0.0 Safari/537.36 Edg/112.0.1722.64",2515
644f09978f303ba50af78cc8,POST,6f34d615b2c0bd36,c754bcc67a3aba739a4b804e5581ab6b,2095c1a084b8a695,2023-05-01T00:36:33.671Z,2023-05-01T00:36:34.123Z,172.19.0.2,80,http://microservice-two/api/v1/request,POST,microservice-two:80,401,UNAUTHORIZED,@opentelemetry/instrumentation-http@0.38.0,644f08e8f763118528853e9d,,0,100,,,,
644f09978f303ba50af78cc9,POST,2d8f01e0a7298270,c754bcc67a3aba739a4b804e5581ab6b,2095c1a084b8a695,2023-05-01T00:36:33.672Z,2023-05-01T00:36:34.124Z,172.19.0.3,80,http://microservice-three/api/v1/request,POST,microservice-three:80,401,UNAUTHORIZED,@opentelemetry/instrumentation-http@0.38.0,644f08e8f763118528853e9d,,0,120,,,,
644f09978f303ba50af78ccc,POST,b10477546605b17b,c754bcc67a3aba739a4b804e5581ab6b,c8ea310c5e40615c,2023-05-01T00:36:33.695Z,2023-05-01T00:36:34.105Z,172.19.0.2,80,http://microservice-two/api/v1/request,POST,microservice-two:80,401,UNAUTHORIZED,@opentelemetry/instrumentation-http@0.38.0,644f095af763118528853f0d,,0,100,,,,
644f09978f303ba50af78ccd,POST,c8ea310c5e40615c,c754bcc67a3aba739a4b804e5581ab6b,2d8f01e0a7298270,2023-05-01T00:36:33.673Z,2023-05-01T00:36:34.124Z,::ffff:172.19.0.4,55534,http://microservice-three/api/v1/request,POST,microservice-three,401,UNAUTHORIZED,@opentelemetry/instrumentation-http@0.38.0,644f095af763118528853f0d,,0,,::ffff:172.19.0.3,80,axios/1.4.0,887
644f09978f303ba50af78cce,GET,2e4085710f2cfefe,c754bcc67a3aba739a4b804e5581ab6b,c8ea310c5e40615c,2023-05-01T00:36:33.691Z,2023-05-01T00:36:34.125Z,140.82.121.6,443,https://api.github.com/orgs/oas-tools,GET,api.github.com:443,200,OK,@opentelemetry/instrumentation-http@0.38.0,644f095af763118528853f0d,,0,,,,,
644f09978f303ba50af78ccf,POST,71cec3056aa3d3b3,c754bcc67a3aba739a4b804e5581ab6b,c8ea310c5e40615c,2023-05-01T00:36:33.693Z,2023-05-01T00:36:34.139Z,172.19.0.2,80,http://microservice-two/api/v1/request,POST,microservice-two:80,200,OK,@opentelemetry/instrumentation-http@0.38.0,644f095af763118528853f0d,,0,1513,,,,
644f09978f303ba50af78cd0,POST,d5602404609787a7,c754bcc67a3aba739a4b804e5581ab6b,c8ea310c5e40615c,2023-05-01T00:36:33.697Z,2023-05-01T00:36:34.178Z,172.19.0.2,80,http://microservice-two/api/v1/request,POST,microservice-two:80,200,OK,@opentelemetry/instrumentation-http@0.38.0,644f095af763118528853f0d,,0,1513,,,,
644f099e8f303ba50af78cd4,GET,c431cf49e02e9197,61fa3a93d182593af9884a932ff950ed,8f19d9a8efa58534,2023-05-01T00:36:41.550Z,2023-05-01T00:36:41.914Z,140.82.121.6,443,https://api.github.com/users/alesancor1,GET,api.github.com:443,401,UNAUTHORIZED,@opentelemetry/instrumentation-http@0.38.0,644f095af763118528853f0f,,0,80,,,,
644f099e8f303ba50af78cd5,POST,8f19d9a8efa58534,61fa3a93d182593af9884a932ff950ed,4d7d94a320557885,2023-05-01T00:36:41.536Z,2023-05-01T00:36:41.923Z,::ffff:172.19.0.4,47652,http://microservice-two/api/v1/request,POST,microservice-two,401,UNAUTHORIZED,@opentelemetry/instrumentation-http@0.38.0,644f095af763118528853f0f,,0,,::ffff:172.19.0.2,80,axios/1.4.0,170
644f099e8f303ba50af78cd6,GET,ef26e91ec61855d0,61fa3a93d182593af9884a932ff950ed,a14b090ac1035300,2023-05-01T00:36:41.576Z,2023-05-01T00:36:41.925Z,140.82.121.6,443,https://api.github.com/users/alesancor1,GET,api.github.com:443,401,UNAUTHORIZED,@opentelemetry/instrumentation-http@0.38.0,644f095af763118528853f0f,,0,80,,,,
644f099e8f303ba50af78cd7,POST,a14b090ac1035300,61fa3a93d182593af9884a932ff950ed,bb515facd3326890,2023-05-01T00:36:41.552Z,2023-05-01T00:36:41.937Z,::ffff:172.19.0.4,47654,http://microservice-two/api/v1/request,POST,microservice-two,401,UNAUTHORIZED,@opentelemetry/instrumentation-http@0.38.0,644f095af763118528853f0f,,0,,::ffff:172.19.0.2,80,axios/1.4.0,169
644f099e8f303ba50af78cd8,GET,073d4d1a5ba336a3,61fa3a93d182593af9884a932ff950ed,8751a1f80d14044b,2023-05-01T00:36:41.617Z,2023-05-01T00:36:41.938Z,140.82.121.6,443,https://api.github.com/users/alesancor1,GET,api.github.com:443,401,UNAUTHORIZED,@opentelemetry/instrumentation-http@0.38.0,644f095af763118528853f0f,,0,80,,,,
644f099e8f303ba50af78cd9,POST,8751a1f80d14044b,61fa3a93d182593af9884a932ff950ed,f77998420bb00595,2023-05-01T00:36:41.606Z,2023-05-01T00:36:41.949Z,::ffff:172.19.0.3,40034,http://microservice-two/api/v1/request,POST,microservice-two,401,UNAUTHORIZED,@opentelemetry/instrumentation-http@0.38.0,644f095af763118528853f0f,,0,,::ffff:172.19.0.2,80,axios/1.4.0,168
644f099e8f303ba50af78cda,GET,d493a40faf81de32,61fa3a93d182593af9884a932ff950ed,b163968762737c01,2023-05-01T00:36:41.604Z,2023-05-01T00:36:41.949Z,140.82.121.6,443,https://api.github.com/users/alesancor1,GET,api.github.com:443,401,UNAUTHORIZED,@opentelemetry/instrumentation-http@0.38.0,644f095af763118528853f0f,,0,80,,,,
644f099e8f303ba50af78cdb,POST,b163968762737c01,61fa3a93d182593af9884a932ff950ed,e0566025363cb855,2023-05-01T00:36:41.592Z,2023-05-01T00:36:41.960Z,::ffff:172.19.0.3,40032,http://microservice-two/api/v1/request,POST,microservice-two,401,UNAUTHORIZED,@opentelemetry/instrumentation-http@0.38.0,644f095af763118528853f0f,,0,,::ffff:172.19.0.2,80,axios/1.4.0,172
644f099e8f303ba50af78cdc,GET,215eb93fd385c7ea,61fa3a93d182593af9884a932ff950ed,b945c12007905ef1,2023-05-01T00:36:41.590Z,2023-05-01T00:36:42.055Z,140.82.121.6,443,https://api.github.com/users/alesancor1,GET,api.github.com:443,200,OK,@opentelemetry/instrumentation-http@0.38.0,644f095af763118528853f0f,,0,,,,,
644f099e8f303ba50af78cdd,POST,b945c12007905ef1,61fa3a93d182593af9884a932ff950ed,0e762152fc99a91f,2023-05-01T00:36:41.577Z,2023-05-01T00:36:42.069Z,::ffff:172.19.0.3,40030,http://microservice-two/api/v1/request,POST,microservice-two,200,OK,@opentelemetry/instrumentation-http@0.38.0,644f095af763118528853f0f,,0,,::ffff:172.19.0.2,80,axios/1.4.0,166
644f099e8f303ba50af78cdf,POST,4d7d94a320557885,61fa3a93d182593af9884a932ff950ed,0551b91f2d12471e,2023-05-01T00:36:41.529Z,2023-05-01T00:36:41.924Z,172.19.0.2,80,http://microservice-two/api/v1/request,POST,microservice-two:80,401,UNAUTHORIZED,@opentelemetry/instrumentation-http@0.38.0,644f08e8f763118528853e9d,,0,100,,,,
644f099e8f303ba50af78ce0,POST,0551b91f2d12471e,61fa3a93d182593af9884a932ff950ed,,2023-05-01T00:36:41.511Z,2023-05-01T00:36:41.949Z,::ffff:172.19.0.1,59100,http://localhost:8080/api/v1/request,POST,localhost:8080,401,UNAUTHORIZED,@opentelemetry/instrumentation-http@0.38.0,644f08e8f763118528853e9d,,0,,::ffff:172.19.0.4,80,"Mozilla/5.0 (Windows NT 10.0; Win64; x64) AppleWebKit/537.36 (KHTML, like Gecko) Chrome/112.0.0.0 Safari/537.36 Edg/112.0.1722.64",2519
644f099e8f303ba50af78ce1,POST,bb515facd3326890,61fa3a93d182593af9884a932ff950ed,0551b91f2d12471e,2023-05-01T00:36:41.533Z,2023-05-01T00:36:41.950Z,172.19.0.2,80,http://microservice-two/api/v1/request,POST,microservice-two:80,401,UNAUTHORIZED,@opentelemetry/instrumentation-http@0.38.0,644f08e8f763118528853e9d,,0,100,,,,
644f099e8f303ba50af78ce2,POST,c651475c7f58d8d4,61fa3a93d182593af9884a932ff950ed,0551b91f2d12471e,2023-05-01T00:36:41.534Z,2023-05-01T00:36:41.979Z,172.19.0.3,80,http://microservice-three/api/v1/request,POST,microservice-three:80,401,UNAUTHORIZED,@opentelemetry/instrumentation-http@0.38.0,644f08e8f763118528853e9d,,0,120,,,,
644f099e8f303ba50af78ce5,POST,f77998420bb00595,61fa3a93d182593af9884a932ff950ed,06c19b66fcf88f35,2023-05-01T00:36:41.571Z,2023-05-01T00:36:41.950Z,172.19.0.2,80,http://microservice-two/api/v1/request,POST,microservice-two:80,401,UNAUTHORIZED,@opentelemetry/instrumentation-http@0.38.0,644f095af763118528853f0d,,0,100,,,,
644f099e8f303ba50af78ce6,POST,06c19b66fcf88f35,61fa3a93d182593af9884a932ff950ed,c651475c7f58d8d4,2023-05-01T00:36:41.536Z,2023-05-01T00:36:41.978Z,::ffff:172.19.0.4,55594,http://microservice-three/api/v1/request,POST,microservice-three,401,UNAUTHORIZED,@opentelemetry/instrumentation-http@0.38.0,644f095af763118528853f0d,,0,,::ffff:172.19.0.3,80,axios/1.4.0,891
644f099e8f303ba50af78ce7,POST,e0566025363cb855,61fa3a93d182593af9884a932ff950ed,06c19b66fcf88f35,2023-05-01T00:36:41.568Z,2023-05-01T00:36:41.979Z,172.19.0.2,80,http://microservice-two/api/v1/request,POST,microservice-two:80,401,UNAUTHORIZED,@opentelemetry/instrumentation-http@0.38.0,644f095af763118528853f0d,,0,100,,,,
644f099e8f303ba50af78ce8,GET,da22a6407d35cab7,61fa3a93d182593af9884a932ff950ed,06c19b66fcf88f35,2023-05-01T00:36:41.563Z,2023-05-01T00:36:41.982Z,140.82.121.6,443,https://api.github.com/orgs/oas-tools,GET,api.github.com:443,200,OK,@opentelemetry/instrumentation-http@0.38.0,644f095af763118528853f0d,,0,,,,,
644f099e8f303ba50af78ce9,POST,0e762152fc99a91f,61fa3a93d182593af9884a932ff950ed,06c19b66fcf88f35,2023-05-01T00:36:41.566Z,2023-05-01T00:36:42.070Z,172.19.0.2,80,http://microservice-two/api/v1/request,POST,microservice-two:80,200,OK,@opentelemetry/instrumentation-http@0.38.0,644f095af763118528853f0d,,0,1513,,,,
